Title,Artist,Album,Source Page
The Smooth Kind,Larry June,The Smooth Kind,New West Coast
Cavier x Cartier,"The Game, DJ Drama, Mike & Keys",Gangsta Grillz: Every Movie Needs A Trailer,New West Coast
Disappear (feat. Cypress Moreno & Zoe Osama),"MoneySign Suede, Cypress Moreno, zoe osama",Parkside Santa 2,New West Coast
Red Rose White Ceiling_BLUE,"REASON, Jayson Cash",Everything In My Soul_BLUE (Extended),New West Coast
Hayward Nights,ALLBLACK,Hayward Nights,New West Coast
Watch It Burn,PayGotti,Watch It Burn,New West Coast
REAL NIGGA DIARY. FT. JEEZY.,"YFN Lucci, Jeezy",ALREADY LEGEND. (GIFTED Edition),New South
Top Cobain,YoungBoy Never Broke Again,Top Cobain,New South
Out Ya Business,DaBaby,Out Ya Business,New South
My Life,Hurricane Wisdom,My Life,New South
Ro Come Bacc,Z-RO,Unappreciated,New South
Bad Terms,YTB FATT,Bad Terms,New South
Him Not Them,Lil Migo,Him Not Them,New South
Ain't Never Slowing Down,"Kevangotbandz, BigXthaPlug",Ain't Never Slowing Down,New South
Kill Confirmed,Wee2Hard,Flight Risk,New South
IIGHT IIGHT,Benny The Butcher,EL CARNICERO,New East Coast
The Dog,A$AP Twelvyy,The Dog,New East Coast
I'm A Problem,"Don Q, Goldie",From Dust To Don,New East Coast
